1814155365,1131687408,15771715,20064151,62252716,-19692302,643754,3840279,-66222968,-17615756,3048394,980791,-30338896,37276676,6451468,4869897,15534724,-17740238,1210709,-2470290,28210942,1988171,-9131959,-3397848,-2909807,2706897,28164275,4817862,-3524524,-6829700,-17437262,-4688130,8035347,6761723,-160712,-3435887,199056,2875198,11546861,7933658,10980654,-2943095,2687604,-1045393,-12629289,7313368,-7857944,-5485673,-8408605,-1901041,-5446326,-1365176,532821,2822375,1268584,1196564,-1776699,-2193618,-2949435,-1122482,1960292,2299913,-2033865,-1988687,-531174,791865,-821081,-1568738,190933,-1110941,651281,1934949,422746,506723,1746299,-478633,34635,952252,-1605522,-141606,
-1108602419,1804664778,18020541,-16041185,-199351440,-84825480,-786572,4060515,73212470,74936951,1650712,1070477,55989822,-38070261,-11955600,-29613432,-52571949,22991022,-1933377,4943488,-75229509,-8420336,32574318,9648816,4428035,-8735530,-56207395,-8785460,6526113,20888568,30779040,11112159,-18212638,-12807639,388602,5842702,1734703,-6344923,-19451495,-18410315,-29304433,8580613,-7227879,4629701,25223561,-18210363,14360705,8636568,18051851,5321102,13088932,2534456,328242,-6656829,-5448457,-6492478,3963123,4020953,7894963,4441777,-4360881,-2539508,2161919,5361785,3230492,-1892369,250453,3243202,-820023,2112012,-871797,-3919040,600001,-959059,-2242608,1953409,-1243982,-988494,2190697,980435,
-16559477,-20828171,1811832359,1134454240,-6709378,-9294359,65619097,16122642,1090232,3276735,60945964,-13490434,408440,-2086736,31335238,-40003980,16060245,-4512602,-18725186,1396979,-8405831,23835590,-3892603,7814204,-26826240,10089057,-6047754,8114184,-2463660,1036760,1637066,804087,-8459118,14925562,-361291,2148276,-3335477,-14378510,19136386,-13026821,1897269,-4820790,-6436149,9864827,833059,-86040,-639548,15547334,-6739804,9817057,-2434245,3374651,6883558,-2924153,5428005,-4937971,-5839762,4170951,-3691502,4801361,2116685,-2907036,-3294833,1320889,-2240627,-1381722,-2938119,1031694,1643322,-591733,-2792065,124071,881250,1636730,-1961865,-95033,-422145,1872011,1281083,84884,
-21398315,16047168,-1110776388,1803824227,7965328,2246534,-187862783,80598471,-4023711,-3205408,-72913848,69239667,349840,9548749,-65873777,37094306,-17768533,4032688,47620532,-8832265,11081662,-64050404,19869261,-24645373,56753271,-33082085,13575495,-15178116,-73734,1439733,-4624169,147959,16891585,-29431814,-775866,-3654595,6396820,27828756,-34748422,24999545,-8563023,17739633,17402663,-14353887,1011256,896930,3713764,-29484318,13795134,-22877556,6520107,-6772957,-15950634,8524388,-12523381,6823834,12996270,-10389117,5838526,-10088283,-6140380,3750003,8482273,-5543732,4219043,870204,6657034,-2953801,-3353282,1202507,5169837,-1310119,-2038043,-2163742,3757622,2353518,1634063,-2543493,-2152621,1079223,
-105495925,52977166,7354633,-11239025,1682554482,-1285533157,-45763639,7897079,76912883,-19319208,2765144,7986268,145381241,6072187,833632,-38646354,-78811195,38261980,-1494907,2837803,-50586932,-3620395,56275212,26242961,8414848,-5520787,-43521353,-6677840,4796714,20396590,27861523,5092108,-19813897,-12598500,94340,1247505,4604002,-4955573,-9301636,-10096180,-30183424,6188099,-10553117,5765654,24433127,-15347194,14675353,3540262,11709722,9024997,11570315,64109,-1404954,-5479011,-2972201,-7658200,5190170,3019855,5033562,4662806,-6000428,-3431345,-306015,2086092,3907746,-3376916,-1824132,2218402,-3591797,987680,-3615668,-3467891,-637389,-1599981,-1560151,453527,-2095840,-1538912,710390,436520,
-55781269,135357976,15128508,2248735,1197159758,1659254900,-14679427,-47396425,417188223,42446784,-5878082,-3617044,213346300,-144645699,-16073058,-37495086,-91355474,85239122,-8108898,9980636,-115175003,-2835159,58241138,27569622,10460265,-7762984,-107241642,-17131920,13262992,31421162,67575568,16469488,-34979447,-24913249,440591,11086342,1027808,-12675958,-37060182,-29850015,-47108361,10426511,-14198826,7214416,50669344,-27889959,31925493,19530925,26916324,11399283,21854035,3793766,-962607,-11512488,-4098283,-7303787,6852472,8536608,10415023,6076318,-8406827,-8930309,5119894,6345091,2935804,-4202519,961911,5661004,-2583439,3268158,-4609237,-7146093,-1882786,-2224167,-6000610,999013,-1315913,-3595478,4814376,371496,
-2098866,-1373573,-103005933,45900639,52431010,11157349,1684932342,1279353571,13894417,28632621,-64619285,-4605640,-8096702,246513,-175792829,13952061,4755137,4948369,50169904,-4079503,-5564432,-46646645,22622211,-54367627,36428303,-44487875,5865713,-11768533,-2029298,5081026,-3296952,3505138,16584327,-29044103,-1915224,-2102058,5776372,27982013,-35400637,7928596,-7961393,22903534,25747760,-11236946,286741,1363553,6500593,-24313367,7172695,-18525811,10506085,-8618777,-13022241,4429562,-13208022,6202154,9506498,-10285710,5373186,-5862381,-7745681,2916483,4573593,-6626459,6111732,-2167901,3824460,-5034123,-2507071,4347762,4616622,749062,-2061989,-2968835,2313855,1845677,2673110,-2220988,-270790,1251563,
-3453846,-5212718,54913225,-124022700,-5341435,51760425,-1191957536,1663785873,-17265975,-1747516,399408833,-18173365,1658630,-2483554,232717607,-168019108,62534433,-23267217,-85881613,4161355,-22326708,95752443,-22797337,52660324,-98309166,55088045,-16785122,30050476,-6734243,216089,4174574,553945,-32238237,59810266,-1152546,7371488,-12980207,-56035304,75056012,-39890502,10124804,-25540707,-32006274,34224377,2021488,-104836,-5993978,58537456,-23132917,33584168,-11829097,14100719,26499236,-9621840,21091707,-17195672,-21006752,16073427,-13256408,15367859,9838800,-9600147,-10148881,6354998,-10012364,-2517269,-9243025,5529034,5581112,-4671868,-9970588,-704687,3343130,6481123,-6044894,-585462,-2649231,6545617,3113088,-189745,
25267114,33259226,4563865,1645946,-193681848,-175922233,-1509403,34612067,1432444903,-1534896173,-48595352,-20162264,-75103867,-17271827,17697486,89471762,127226427,7149375,606129,-5469417,119250923,17980560,-64530653,-16624055,-2746069,14665859,54705163,7113659,-5081892,-28961907,-25771025,-15296652,19564976,10739350,-743666,-5686053,-3699322,5503125,13028674,21600875,36441955,-14612547,9414265,-9800437,-28166809,19719980,-13644518,-6258883,-22742183,-6047834,-11527527,-4130832,-917245,5782214,8274377,9606837,-2330463,-1037718,-8071564,-6743804,4869402,-164928,366475,-6701595,-5467505,1112079,1476547,-3278096,886157,-2041224,-418977,3407232,-2614522,688441,563262,-2941242,1942087,-256791,-1337259,-1614110,
72886443,-39389770,-7516451,5566193,-48193828,-184259088,-37547151,-4956378,1380238869,1400823003,10566519,-55408982,-662894873,34336564,-691748,107920020,238474978,-141041918,5256108,-8804615,135596813,10916132,-121018081,-59274770,-21546591,13886060,123208189,19307738,-13756611,-45653060,-73977706,-12337202,48969974,32341699,-535485,-4512591,-10127205,14562028,29451620,24201473,68357009,-11263162,24286972,-8781973,-51887323,38853819,-29365352,-10455655,-30721527,-19764336,-25367772,-305447,4213117,12376536,5112864,16018114,-13266282,-8761319,-10860852,-7861241,11300692,7810865,-1230397,-5140342,-7206231,6832799,2602455,-4692104,6469012,-2475604,6778626,7301309,1256115,3079897,3737923,-1465599,3777702,2867403,-2046699,-1041761,
-2169041,-3402567,-25225948,-30602953,31825,6657796,169726011,-189421158,57666081,-23303292,1391949709,1577557090,-42773121,53090192,-136702371,-48801019,22605410,-15704992,74442731,-18674515,6520005,-89699324,37110196,-50424985,54449035,-43438649,21025893,-13808746,-4954903,4130679,-10148560,2476273,18453059,-25035264,-3053811,-2683098,5238034,27123382,-29475753,21478584,-9072633,22482568,20057001,-5635491,1386030,3656575,4932593,-23832952,9471817,-25037909,7684822,-5787859,-12842181,9231530,-12787697,1847372,9673612,-12141155,2289265,-7491915,-7388972,1336555,7509675,-7575275,2004950,-1426983,6239124,-3321085,-2061310,266050,3989620,-2480125,-1945688,100630,2779269,3663415,1573496,-553958,-1794949,1849997,
591400,-442621,66062034,-41331651,-12537220,2796653,-40857742,161709284,29027697,62598224,-1442815958,1377594247,36164320,-1570670,638686730,-141158946,25264957,-25309623,-120683353,3945751,533606,101690997,-39962568,104892905,-107395900,77317288,-14797740,32065047,-1357706,-6043794,5355507,-4054434,-37490187,67827034,4731259,5333438,-12755874,-60549811,81850388,-31627509,15081285,-40511887,-47782292,30998377,2266313,-523424,-8591490,49316988,-17036114,36662689,-19286371,18210885,27505069,-7737093,26050818,-16020107,-16989850,18465067,-14189599,11473050,11881974,-8502391,-10009360,10505735,-11486407,2354870,-7712123,8818103,4879171,-7463062,-8178526,-1444496,4180151,6009611,-5145045,-3030110,-4218234,4492259,1544166,-2002504,
-14065756,-10137915,2587174,-3119138,-110548314,36585833,23215986,1388372,299731868,243957463,44089032,-61175416,1243268400,1643032845,122729779,63869334,1522537,-15964558,19406858,-21080692,246134842,5404665,-21115699,13923725,14994146,6754882,81032680,11431716,-12508230,-39292916,-41850610,-31702270,16586072,9779907,419168,-18571895,7591247,7925394,36407610,47972198,31906859,-17518079,1691806,-12145417,-46887652,14490617,-30118655,-27244151,-16727976,2725435,-18806017,-9129677,-10648061,8557460,9402525,1885022,3944687,-6766135,-13234639,-6430943,1448929,3387188,-5987804,-9029079,686511,257324,-3677554,-4972640,-3052333,-2759211,57251,4710427,378902,277463,5166269,-1435124,40152,1910084,-4451074,-478770,
-43565733,-5640813,-1722760,-7177304,121140136,132507116,5143136,-19424802,-108102940,-270734550,-64859558,-42202121,-1372645623,1197522350,-22949976,-523272886,-709731997,-297224,-8981206,15445982,-354827857,-38268410,260877260,91200992,8750285,-34853315,-149735807,-16327473,11271886,73629411,89374122,31876757,-63164633,-29836504,1980042,12455407,10996646,-16442897,-21701708,-50530497,-95677753,35272800,-31004514,30961053,84433934,-47526599,43728395,19301654,58436451,21318865,23397145,12823021,-1528987,-12660967,-14199654,-20492213,2922966,1208039,15879321,18271962,-15105139,-4087402,-1799794,13341556,11579188,-4013970,-3897114,8569300,-3315323,4201002,-2147018,-9270326,3742086,-1700272,-3757844,4673242,-4074004,-1631475,4553053,2305374,
-4372797,5168469,17085613,14783106,-2738408,4170568,129071236,46063457,-8605939,14887732,322944775,-143086729,-151195184,-82643224,1411445854,1220900823,-802450499,134047327,147364486,-35093655,72521743,-247880193,60297515,68522764,183714676,-74856391,6547996,-30593525,-1446228,134862,11828057,-9574869,11564732,-56179785,12287481,-11471692,15914667,35086410,-46446675,71222549,-32820426,27605879,11582620,-19941985,8583026,-9693942,5897589,-71828553,49527996,-20273116,-6591381,-1813677,-33710589,19427830,-12681175,10841024,26177248,-7797997,13243010,-18455613,-3167685,7245908,13924062,437059,6637858,6764439,9569780,-385748,-5818006,1223437,7175045,-1548539,-1962663,-4866084,4783084,958358,958876,-5196609,-3011341,381721,
2178865,10473551,38529540,8344704,13367854,-8269407,-140582039,124581189,-79759938,9391001,-153297289,259206792,-211673873,257412262,-959970834,1271347125,-108507633,884711313,-492285282,140541464,-124676076,541121086,-235779349,204105175,-182567283,242078909,-160840175,22525041,38542657,-8465375,73649162,2638960,-75609178,72039575,-4049939,23147015,-26925479,-116559726,61416063,-63575520,16500036,-89221794,-82383631,11753527,4309110,-27399726,-15136044,111645599,-36317540,88779742,-4506619,3048549,33871219,-40932771,39888369,-8624491,-32555337,39550953,-2648102,29563985,19262323,-7510055,-18012099,17430603,-8129650,-4130719,-16800310,8152154,6821794,-1961800,-17767336,1857285,3279654,3028681,-9503288,-5188610,-5372886,5004159,4784807,-2336823,
-1794803,12007625,-19266841,-556580,20971930,-6332874,61751951,-58386802,-88168848,2659237,77260101,-110208462,-239767403,204583582,596772955,-315067873,1076039070,1596405389,238106213,-42079924,-104386372,-265790774,10390704,-156683235,99336299,-122929827,-89564800,-45588610,8721261,35630957,32468274,26496946,10548299,-70069511,-738831,4203422,10532891,43673499,-104113654,-4510025,-43316357,41435585,34596063,-20068999,25120097,-15564877,23149987,-31483111,29601984,-37648329,32141178,-13014532,-15001479,4480539,-18568637,805192,31843706,-2173733,9134611,-18680753,-12275390,-6823424,16752027,-9554046,2794556,-5139017,10220670,-3418917,-7196744,2658963,2772858,-4894837,-4902347,-4457616,1413734,3158724,1481721,-3268933,-852407,2357096,
16716299,-6039883,3765566,-197011,-93844647,-38937478,-679478,11509422,148300350,138456641,8517719,7326033,163901533,-351240071,-165016973,-771318584,-1252006834,935950647,10754019,-62280922,994056407,102917864,-334579175,-47549353,-1139475,52574741,163927910,25067596,-21686227,-130392586,-84023639,-59432723,59646108,42009970,1106536,-22213204,-9221407,-243777,50612920,84199764,113412331,-54823955,20240297,-32110974,-107166987,49134635,-58172048,-30452552,-55044318,-2862388,-46079281,-16453136,-14119176,15061049,26659679,12984554,1793744,-5888985,-27860120,-15287703,10210072,5078342,-8897559,-15887178,-4530349,3055387,-5214937,-9252348,-120425,-3964225,2117976,9963973,1632430,2792282,7617606,-2630779,3464073,4817562,-4367599,-1748477,
-2001324,317927,-871733,-4299998,-705111,3648861,10859725,-7162491,1632643,279708,2038480,-16043982,-6601406,-9919388,-52561572,33583215,29334762,23152387,-759052836,-1977576649,-7663281,-228599600,130556455,47857211,17806982,-90051690,16022304,1993719,12200340,5819516,2287585,-4850290,-18425117,18709464,-3060810,-4104875,3884279,-10917929,43904747,-21025760,-8739358,15344036,8916650,-12970229,10897970,-706432,5830827,-24708759,18306754,-17944559,-1917487,10832890,13154721,-2277801,8024837,3844392,19806322,-5474222,-7077079,3363685,-2164141,2499128,-460940,3960520,-1884780,-15866,5036633,-1037731,-2541779,514196,-974535,690591,2169289,1172426,-923147,1568784,1805127,-1601016,-1005788,242873,
2626030,-1497784,7152998,-4091187,-28249,-3149710,-39210079,16309944,1565844,-158320,-58691182,38558581,14311524,14710150,-108025974,112489019,-108591070,16603831,1751576616,-781276833,-323849038,743705449,-274069652,86396358,-244298471,132901046,-15611237,-4281664,-6012354,-7853269,-6057566,5824030,-16420057,58549865,-13876357,12716259,-18249117,-47874177,56580252,-78016703,45358362,-70135028,-55708794,23826474,-3820108,4813445,-9446224,64020519,-34233975,14346924,4798756,-4373764,12375082,-15971113,36421284,-16690770,-20674296,-1213830,-2055420,15688562,10336258,-3734649,-5364737,7000641,-9302135,-1761482,-10006252,2259982,852003,-2068157,-3427932,1380157,3305726,3790207,-5115835,-4044416,-2020245,3275180,824128,996252,
-22014175,18106224,8979668,-5652728,-4583220,30048275,1384129,13767246,-44247748,15126730,-12765759,2173779,-180116328,-40152737,-97755642,144682537,378463130,-59560842,282570011,-20959393,1167417241,286746265,1371908429,774485067,57924068,-410351,-303547099,-13108877,-5223127,7548711,242718984,-93150812,-170523375,-51272566,9793878,-24898752,41108755,-83264561,44649721,33699993,-88842990,-37104754,-74360812,15113945,6548783,-83013379,-2489833,-5721668,50296717,69103597,7861527,6777734,-27697239,-19314632,11646308,-21115605,872291,-2214510,-1452161,18163350,-13463092,-7237956,-7708560,7007088,6394604,-5274678,-4646020,7630605,-401041,1568636,-3446679,-6509768,257015,1857823,-7340029,260933,-1709698,-3861503,5031526,-1205266,
220363,-750515,-18981903,13391390,-7424684,-2756960,1737024,-30295195,10542433,4929941,29285213,-4056250,29111168,-18229560,274828543,-21035847,-71767145,29577777,-327714029,-22354153,-57706153,1292738316,759932581,-1387311696,142391044,-60988196,124478501,-81311270,53499814,-7389312,-58965408,6041449,104421045,-126360213,-36500578,-12456523,26192481,156286232,-171359922,16812073,28846890,24214809,67080028,-90869723,-16914673,12391450,-5161674,-13933620,-15503923,-64381193,41477638,-26879341,-4279872,-8772207,-28025890,23827347,9390753,-21348048,2466358,-7257636,-16315255,6937278,1979881,-13883441,8942790,-3088454,5093361,-6704223,-4394935,2654287,6543134,914821,-2470787,-3721271,6275621,1578446,2304095,-4526175,-2990257,-636436,
4317297,-18450697,1135610,-9936054,-67238664,-3572854,-19964912,-524685,139488662,54044801,-45400252,8663299,226914229,-159687251,-187462377,24067245,-289563091,417576876,103709752,105977589,-753917527,-384207962,1074980987,201049988,-513304252,57700824,1037459404,259742302,-161182827,-100904174,-518017275,-65514393,114165556,240949171,2772766,-69686723,10183423,61364320,425333149,55113558,148451081,11662552,-6503284,77786057,-90081178,99714966,-94216296,-4142011,-15537074,-13322151,-104739291,41770330,29855202,56319543,19518871,13889830,-53212651,-17547061,-22392049,3049508,24248335,11346606,-14106544,-4678240,-16661046,8095023,-3587885,-7465744,8582057,-9728321,29936,13010807,-553330,4533343,2970202,-8286385,-524547,6335874,-7592664,-2138849,
1398939,-2875980,-957055,8161891,-30433797,-6262097,63559952,-5552090,46664238,31366788,90959404,-40561033,61419523,-71240908,174843538,-297359510,53589003,72752259,-284375280,23599735,-502362076,885585594,-192086602,1110845164,1192390403,-41876592,497717185,-113671887,7839739,-102748097,-177765297,-71865754,155779600,-168878225,-14177039,-53174352,45292703,174768478,-100079525,274470906,21175852,38911721,47412972,-100339983,-54964601,18478768,-45991437,-129251669,50170660,-37372394,-19814964,-33499548,-76234295,30276209,-15161238,52273324,16826607,-31782576,18377511,-17087516,-4531531,26966795,11707629,-12185456,12377804,5607338,13564764,-12032933,-2830619,2044336,11076946,4020149,-5748209,-4734020,10687600,2802238,4072232,-5171933,-8717779,1339111,
1713684,792730,18882853,-6030856,-8687221,-4309870,936707,28256251,5082125,12463935,-20514495,1490258,1629967,-6476549,-54254206,-35004335,1979904,-343518,146156168,-87707791,-81090174,-452899625,237350901,-371891612,791685516,1821664287,-94292828,-21548766,116231203,-160726862,60898884,-64093604,-44097959,68289126,7178241,13235909,-34064786,-118108404,25558202,131517986,49537258,-130875788,-116338389,11057014,-37934323,-9422363,-35216100,31715840,-28804642,77387653,-18670173,-10348937,-1666409,-20576667,20432551,8782140,-32673026,13185830,278485,15357146,11179084,251425,-8393134,1801368,-6439098,-3479563,-6434054,1768257,4818020,-5811937,-5989320,-2243979,1079348,6915492,-2162706,-586428,-4410338,3526949,-1978758,-1298052,
441300,2153754,-4132813,14930881,594204,-4507437,31100972,-2357932,-7874865,146525,68733875,-25558058,-3038311,8169331,167751885,-92133672,18747643,-30371309,-168175011,-6748590,15776580,72875992,1691744,401678328,-1018679562,588424469,248660073,-1229816057,465643103,24133005,-50976597,102909808,362534861,-522879895,-75126113,9345447,45795558,412623603,-637828922,76438600,44832312,-29167137,45995835,-210099294,37812526,15282565,32735484,-58426203,-17409477,-72670287,71717505,-63609133,-57073955,-7005394,-24114044,22333159,27260740,-36283688,15860750,-14463791,-21686174,11590798,14354208,-11695681,9871351,2827685,13312579,-2549856,-10437663,176159,10067036,-3523842,115414,-5966891,10253414,1389538,1262976,-9446674,-5043515,-370315,
-11219853,2280039,-784511,-1965880,14220154,18746096,1048397,-4901873,-19414508,-20321060,-5790244,-3482775,-27742554,31742496,749331,50061970,39853914,-4499908,18061720,-17888548,363183524,77271138,-99170487,45748721,128478614,259124173,499896707,384066216,319051000,1742191761,-263287200,604399461,116176020,86058633,-8071261,125135826,-66655124,89103350,-70757948,-265855054,-171114102,183858665,21055491,97386492,262966046,39610158,141762214,83350085,21666242,-49566290,4675482,44155223,46102914,22198218,-34192618,-27181931,11974914,20791262,19869560,2612013,4150309,-1085761,5870598,11502630,7034209,-1818351,-3294609,3725534,-5458310,2088743,-8572521,-4416014,-206128,-6451505,-1250562,1203158,-2741607,247275,1148776,1305697,
-2335399,-119620,-1047118,-4955652,1963429,4788443,-2046491,-6001129,-763957,-2969356,-15445225,-918520,-4824905,402229,-24343023,25596039,6147687,6333107,-29725502,-8365424,53635446,21303057,-36216140,-75161741,98971275,100517752,28747633,-927766530,-1847472165,457962922,-39217214,50261368,-62723462,82542064,20702319,4674129,-6756280,-64949471,129119734,-43008914,-36788975,72042,-54528173,135659051,17605990,-4361674,8343806,30506152,14710705,833108,-9146388,4407704,-21298100,18342715,8340694,-27090227,-20333633,1069648,12650083,666296,4394199,2204302,5808310,3969232,-6793293,-3585655,-7726678,386356,-2478054,3167952,2361640,-1242572,-2421495,330875,-3823415,-2448084,-927804,3853054,1012564,2862142,
1698329,303320,-9784693,10693094,9615,-4595553,21496678,-13205522,-697144,-191012,48087348,-15790277,5861079,-1438674,124768147,-65111550,8020782,-15600383,-119033643,-44609804,-45056295,160159593,-24182367,250233879,-499927458,441723824,-464904807,1315555603,-826968295,-111277147,-263101668,66390498,426210887,-623519498,-4439565,-27701478,74062254,456698985,-610078269,205377826,-12611179,102780272,149833777,-137227073,-15436317,10897249,7398620,-53830058,-8046861,-32319179,32961292,-41952697,-57552706,21555247,-61866741,24575558,13530310,-11894058,7366150,-25446791,-15249410,4059406,19261829,-19576160,17094366,3635852,5155078,37927,-1900770,1188898,11270093,-186513,-5208604,-8337000,11984378,2167642,2335655,-5443541,-107259,-839791,
2303454,-6219080,227171,-2070984,-277312,953493,-5741934,-670142,19039464,-3638020,-11217155,2730434,27277136,-9052301,-22394757,8303853,-41302282,8662654,16937420,6868261,8400530,-14932437,148015604,70479662,184958813,-94115311,-1004497828,-351105619,200409567,-97345655,-1752015118,282242506,194367023,278523757,-5536237,92080747,-89935593,1072694,114768410,-112059740,92428275,39946160,8191001,44348836,20430050,59610872,1799735,30985175,-28162515,-13412087,15479295,3904541,33113767,3208998,5271633,-1377637,-10615355,-3878842,-17504809,-8227605,8467312,-4075900,1381116,5236807,-3200843,5223292,-6256047,-3150559,-1850960,1218935,-2754181,2461619,2149527,501500,2169745,-1077117,-2128390,3950758,-1330856,2592743,
1165994,-5468488,240077,2363768,-12836180,3071967,5172517,2554133,28067138,20322520,11610266,-1549982,4597797,-37172440,7989749,-47680535,-21695725,12524088,-20028562,4446961,-160874600,-7947941,-70611751,-61856806,-143085208,4015750,-300670005,-12599586,158952008,899593970,-301918019,-1652185777,-299994621,-309324088,2308328,-295343581,275064813,3303598,178000763,376227646,45747947,-138478174,-57417014,-129010828,-287865959,-94732683,-179350803,-113302793,-6624273,45214387,14151400,-1645977,-48346036,-6180208,9593693,14044990,676763,-12280412,-6934184,-7425126,5349221,8397043,-1002586,-8804727,-2110862,-4509184,7559850,-9196551,6345532,-5174282,4959018,1951210,-4007079,4560135,1271207,-2521202,1008311,-3972593,-3868006,-1086610,
8328970,-3430962,-885987,23675,-13815875,-16214605,-4652561,-904795,19347311,10651452,-4013700,2591992,53458359,-6845275,-1700110,-17975694,-70250139,35404884,-80295,10315972,-151998175,-37450413,199591199,107986457,86798709,-93452109,-396980186,-50431359,11064578,269761031,554776254,-464907024,1579597183,901645297,-15131464,196017055,-349309044,-46673040,-148733142,-73961809,283550256,-77992423,144141403,-19284276,-110304493,147643689,35702607,-14144702,-217027142,-67214154,-10810546,-1506117,20953924,-20432511,-2986826,-3296103,-3779794,-12386467,-28806852,-13912984,13216831,3730463,60909,-1905201,-3864080,6595397,-4209736,-3988080,470403,-3099370,2727035,6420718,4383971,2720582,6733542,-3472037,4825125,3337732,-1010204,312843,
-1535499,4416991,756046,-1687854,11980526,-710496,-7293553,-993158,-27682579,-13190760,-12708430,4424989,-18992091,36689652,4703093,38004344,6384847,-17826678,17453110,-1051985,108392628,-59936978,28113578,37061394,107383512,-34243535,402007260,99494419,-118998539,-192876212,-290003449,-710172712,-379962656,-53043228,-715475376,1259353927,-655426302,-276522379,-719648448,-597256862,-7358083,14785732,32621368,1810522,164473636,19464969,114419710,146921689,-99160105,-33796280,104209778,-264455,38167713,-31935209,11367695,-8343527,-5420081,1389988,597760,9857661,-10218663,-18473974,4238073,6760089,77982,6219290,-10262131,10640503,-6454883,3345293,-2554230,-1788623,4745322,-236610,-1452396,1056171,-2375939,-580040,6828363,1899127,
-624096,1258411,-1009823,2021232,4035264,-33139,4340160,1036441,-7791245,-5255819,10242816,-3966405,-4684915,8987952,2745361,-10950286,20885050,-4915464,-8699040,-16859954,8489902,70117846,2798256,-8750331,-84990676,10564830,150157694,-6339998,11133001,-41614095,-127989097,-186750979,-104638676,6494356,1936930251,504657431,-374757827,-344442211,-348591777,172173139,-97889858,83559991,23059487,104621389,65536162,27522792,85673453,-130407403,-2150042,47969043,-8491536,16767002,-4729351,22661326,-35443066,-176745,-1578678,3917341,2134326,-3130697,-9730546,-4628951,351391,-2843791,3951594,2703924,4369095,1034435,966672,2238552,971755,-2595480,-1130474,889075,1433161,2018242,-1742835,-1404344,1029128,-576822,
879961,-1005304,3033718,-4906952,-2771145,-534511,-9472009,2958668,4792150,3661412,-20588039,8983930,2908941,-4168983,-34367752,8427648,-10049987,3618306,32021805,-858822,-27652122,-76681310,48732864,-81545750,90195585,-123621917,27325606,-36776859,42656385,72458237,-36138635,180741745,755862068,-1417317298,-108427131,92736317,-390044144,-1149236161,611866757,-23442754,85669441,-157571719,-104454901,12922534,-47420116,-2294708,-31873750,46078139,-49381384,85227799,-25016847,-10824372,-18143634,954391,30735319,-17351498,-23246873,6844493,1156729,10811840,10907822,-3557525,-7212908,738879,-2460140,-547135,-7283384,2353647,5289722,-3387539,-2715072,1075676,2859079,3545359,-2583445,-1661152,-498984,2184340,1776797,-359081,
2284341,-750883,14524,1101158,-2912265,-4544416,773386,665233,1672228,4435726,3028296,-1198177,6123940,3471732,10421490,-13742150,-18723370,-2801627,-3016219,-2808001,-57149809,-14856371,70274823,38919005,-18572189,-46048548,66074023,38455893,-33837224,76271279,-97479029,55039895,-352627975,191106251,-130553189,-1358999133,-1314029781,-456636860,-715588385,50107414,110142397,-140817736,117657429,-41539912,-76831843,45463875,29683802,-33783273,-118860210,-13346287,18032665,-43329289,16379463,593835,2043789,2142572,8938943,6728976,7173214,4808346,-9120356,-3109755,-2079966,-5956501,-1019266,1485559,1174333,2449058,594195,-3402115,4260599,2058117,802092,2146269,2212807,169525,1181837,-509985,-688125,-2571017,
-331641,1965296,-475231,-839783,-2435773,-1618943,-1915241,-1016001,-795554,332309,-2953598,2115066,6345708,-2268401,-10518155,10730383,3019668,12233990,899845,6755343,30937439,12124621,-40831841,-13402918,40600342,46417253,-196032400,-59038658,49453629,-13299752,190692626,-134496912,-70607818,-376793503,125341907,170864419,-1282631326,1300947852,940625001,-102236738,-999904,112427817,-13196522,64604454,118291294,2190714,-2402892,60940009,120293825,-15555399,-44158164,28576310,5162011,33621014,11251129,20195719,-19208200,-8041285,-3678195,15163,1611391,-4566173,5749281,10375414,2254860,-1915805,-1521264,-78249,-966409,3596306,-2508457,48860,-544362,-1611213,-1136435,-1377277,191100,1132623,822582,1327123,
-8029210,5547203,170194,-1034744,17991803,11938059,-16025800,663630,-32636475,-19992440,-17342716,13186135,-40888527,36558854,-19926122,76331994,35150683,-19242615,23117156,7846844,220657562,-33149318,-91984734,-862355,215481540,96319848,283040213,7050265,-39348139,-345521052,-182336005,-572418839,420170944,-237921816,372793174,-807199142,394269669,197334934,4115670,-1485322867,-340229110,172494327,-46284303,96362897,380106920,-32381746,146762769,272970716,32989102,-86046090,41976279,57341385,79032580,-9312440,-1116586,-40310311,5147757,28215592,19512904,13113328,-2823267,-20592917,3849905,20407900,2359144,4523788,-12492527,9635584,-6814442,5172523,-10139294,-2682797,2346985,-4332535,-6586882,-1173689,-3527151,-50654,7204248,1552110,
-12407198,6495144,-5695266,-2226375,18418824,19628715,23861850,-15335931,-28664159,-21017619,14702341,-21459936,-52854807,13419196,26732726,12728826,111859514,-25633074,-27067756,-18447249,195854642,203833944,-213982984,-78613028,-278251959,200068982,172946440,-21141998,27505092,-286890494,-176340055,-334405186,356439462,320999800,-340950681,-102397876,-212397348,-342683604,220562065,710233253,-1246613622,819068344,-26438036,359537169,518869354,-104202122,197233185,-172291929,360807360,32869317,-97617494,89189017,-55824785,89463510,-75251714,-7498937,22975037,5859095,44918379,5433924,-21347201,-2443402,21882075,7209129,15417959,-8205360,10209700,-6251543,-5181429,12785098,-4711148,-10988561,-9960066,-5838122,-2455580,7861802,-1848795,-2666819,2577823,4384348,
-5581067,3262877,15800024,-4477234,7629066,10888362,-5914111,25893210,-14050003,-3287292,-14513727,2888298,-43955640,5125979,-65046032,25194733,47457656,-30090189,35008785,-28277995,86013633,-143275451,-33616082,-161768340,123593051,-288386607,223349814,84350108,-17317600,-31747838,-185723990,26822045,339000885,29578158,8605109,-9798644,-61547376,363209057,-363508561,295824726,-458753667,-1156280625,-1403456967,166392095,212344583,-209148684,-55320555,169680495,123154904,226775464,-40083618,-26731357,-109707717,-20841283,120121180,-47237759,-28622869,8293709,11460838,34282088,-2212200,-14373740,-10098204,17343925,-12534360,-5778987,-8454359,5980865,4548043,-6172106,-8699804,-11408699,1572333,7801808,-12087363,-4669971,-8102211,2381408,1860375,2360010,
692776,-5519497,-2706282,3003306,-2809087,3707953,886759,-3085842,14798144,6788989,7559546,2264905,1757510,-10504495,24069865,-22618082,-21697168,-3991295,-2422200,13354190,-60277956,1123928,19341089,39465610,-35485827,55818739,14831202,5848982,-34700751,22750421,-56598659,143845588,-11372414,114769718,46845200,139870412,-76328857,85007,228286316,-227267388,-1309063803,-999301752,923097304,-633805902,-554162746,-49468301,-129640644,-79957998,-207090996,-83536201,7205150,-58889793,40047111,-32764127,-22615720,7005388,47785011,26245899,19732120,4567566,-5142654,3007529,317528,-6840026,5406754,1182074,5305390,-7273752,4504320,-9150600,3785863,6981197,-1543893,2369523,6966695,-1204889,5003357,-3342454,-4025468,-4157563,
-1332110,3284046,-1636310,-3169054,-5342969,-3010115,-5416528,-3953820,-4909108,2215726,-14646602,-818170,8172375,7459174,-21022908,27750828,-8192217,19913209,-13074156,-18679563,7781022,19349833,16085534,399511,47641427,-22772764,-28108841,-32972353,91151229,-28979547,5767331,-114740505,-28754085,-223336472,-75452056,-47079874,173355839,158511150,-111008970,228693485,127728814,-788409004,863910241,1605108952,344434640,274166354,321739057,-3126719,-97626032,-70255368,-81204989,114061,47318241,93252701,-12790741,-51046590,-55853755,-2596572,34429911,12161209,-9559311,-13510682,7022470,10098347,-9466429,-5865255,-9597236,2683385,-3905065,3275638,4954074,-1275148,-4373193,2229350,-4615037,-6067633,-561090,7571417,590483,-75318,
3401068,-9653564,-3679299,-342775,-5694941,2041696,-7284067,-5292795,30340993,5040977,-11296449,3966839,29770810,-24373041,-6355790,-2820348,-47463749,25115269,-17893039,-14018189,-82714446,4488725,35684815,23486690,26527144,3109828,-74948295,-44070304,97625969,46626208,78313997,153717683,18872052,-137007253,-32610259,59104854,-64399690,125000825,-254352235,-340907916,-477108776,571911222,-487656986,954694842,-1517678490,18455778,-338473678,-166462961,-229637598,-57841270,49247950,6554784,5924330,-52364725,-53781881,-53804644,-54492205,-11248660,12460752,-19748238,27695026,21404285,-7364191,-18214791,-20324573,3084088,-8382626,-14385740,2553854,-1579945,8602533,4711452,-6465547,2820277,850156,-5598055,-3628815,6523692,-4931650,2963398,
-1712975,-1122347,-11594908,12391664,-10546354,793477,27320406,-9977837,15695241,7544944,57938406,-24399821,15058553,-22540469,65306143,-62940904,21419610,16153830,-105887181,55741472,-70890274,196716211,-40049083,66538138,-201266242,185786808,-141779685,103151951,-27292450,14771560,53353804,12005171,-155939639,97757465,-100889543,34348200,-18857742,-151812154,253141844,-504343053,64076758,-306060340,-451142937,-34450155,113511945,568574890,502689547,-1687670502,125456440,-198866305,-46025031,-7268184,-80061790,68401240,-47816911,-1743645,123813302,-124089602,14405408,-6448605,-35308021,34293142,3901068,-16144039,4881345,2945165,45927433,-29932869,-14289795,4360420,19136402,36210,-852423,1547265,6013147,2265625,6020822,-15823854,-17046803,1634820,
581077,1838706,3683448,-6594021,-22722121,-8167111,-12408795,1827123,12911294,21129588,-25950707,6527902,23968515,-4301186,-38456246,21812931,-54256062,31445201,41721161,-10384320,-59658211,-81808842,106859589,20821248,121932733,-105418009,-112764940,-61106616,3684665,-143901,86093460,-61599693,-167773846,-191432737,12740713,-57889115,118481868,105512767,3619368,302769627,-387183846,217992873,-338091742,-262476566,113379663,1542953056,474745941,497819766,-962495945,-51555561,-44245961,24890786,103598956,15916709,3529299,-104329674,20858096,57757281,-48892170,-11395223,21187538,-14033747,-18569800,-19642969,-12101518,17341495,-21212213,7015947,5852727,-13406945,-7382063,10497312,5132338,2471598,2668383,-4208442,4449115,6130063,5371854,-5965497,
-7460718,4667497,-632121,-722767,3016817,8636612,-5854927,-1403732,-18154663,-1159631,-7954779,2909443,-32518275,17680206,2742846,27011912,16776836,-9886404,11756307,-6714408,53691701,-17567495,-26644347,-8826476,20976050,-7295580,165879438,19564086,-26928904,-68989269,-121113640,-29899527,34913524,8195839,-7536426,-50838732,36599647,100461439,184504142,196234519,128672990,42993049,-60833508,-95915727,-442117490,-947198601,1680617824,41337786,-614339188,67946130,232759495,-29747725,64061584,-97068201,-47578497,-72873953,18702886,4346323,-23473268,6341917,-12747855,-11011979,-6663161,3486873,5323484,-7262221,-3774298,13814467,-4158909,141106,-4835008,-8202181,3559882,-60471,-2838434,-2294335,163468,-3253805,4504717,-1443214,
-3829008,-3436513,-518599,-1040632,-13062218,7307815,-11368256,201089,18391209,14388878,-12753385,7284567,1199076,-14795194,-10646680,7358447,-31355269,14327928,18384341,-6228626,-41722144,-44156684,35565156,762177,50852739,-46411927,14016797,-16519675,-6397647,-3943203,9509106,61071410,-22743366,-48715092,-11127552,-16325571,17979811,111099248,44220350,14907179,-121348355,184562835,-14213188,148146800,719762718,-653453739,-809835287,-615838205,-1508708426,226578275,243276906,-57665248,33920022,-118568559,-23644721,-84182834,9508336,-436956,-62972178,-2462063,906652,-9401313,-20468747,-20115433,-4355960,4720408,-10765956,491846,5576069,-14427873,-1478152,5803131,1993106,7085685,5045645,-5238723,-1105556,-2164956,1189930,-1838052,
3083657,-1445923,-3464112,1622094,1417368,-5700031,32098982,-13874103,297940,-1268172,28809354,-28908308,14292475,9021349,50134926,-24404735,-17151696,4924478,-74516452,38513958,930067,90404919,-9310103,118157422,-95702653,124625821,-82215689,70310927,-10428687,-37322458,42871797,-13743943,-97884653,48269149,60897268,21334696,-33802911,-193281612,184396462,167350734,2090902,-160883093,-330935472,74577744,134956205,-255269257,-157135869,261955376,-126826578,-1897309086,321902826,120888234,273194818,-2817194,-109888945,-14495637,128280435,-37834884,70841222,-76240609,24725258,18649643,63481265,1069440,-20987769,6462506,17210124,-23867110,-34881818,10889836,17444486,8106013,-8453942,-6085939,3641315,1047464,7287951,-1306186,-11670687,6519811,
9143519,-3605127,4217162,-2330974,-12534701,-14081814,-2955662,8526870,22806595,10193573,-4274490,4062206,43715225,-17943863,-47658406,-15768884,-23731797,28095340,22083823,-1234700,-97544061,1493074,64555191,-22920796,40880456,-32364217,-179317533,-73309307,37473719,40764093,63739725,13118769,-75420307,-116127315,-31406843,57944202,17602879,22988885,-226901806,-110198738,-8315305,54969590,-34938022,-110413773,11375170,-374340510,73426290,-11105851,-293494755,-269960529,-1845960845,442648939,-65776167,480900323,28121760,-111779235,64419386,134088207,68216754,15501213,55953475,31953541,-11141836,3733492,-12314749,17539423,5435228,-18759205,27268855,-10558139,-5593093,20552144,-6655990,8815986,4073326,-4611900,13453528,9336494,-1354243,-11564274,
900091,1374199,-10597823,2631304,-9903781,-4405715,18625206,-19223588,7618939,10933346,24959423,-14887838,1728453,-18821515,69206928,-41658124,9359689,-14723900,-87356180,7265597,-64176077,52432263,8339767,29278070,-121295911,65040691,-56731571,75584770,37003032,41585216,12280502,3673780,-96690677,146429869,40993558,25921540,-15331042,-121383256,174323917,-175747789,-37483314,84112673,-15849047,121139761,59470623,-28213518,61877075,253105460,-168518805,-271790637,-207001262,-1314774662,-1406212818,62079411,449535729,100843806,110210942,-108372825,76379223,-29184084,-84249845,832012,22485471,-50711938,26895165,-5227015,-10720539,-17548482,-9634891,2036777,48216119,-2908573,-6482990,-4674450,10513866,620846,14186126,1429823,-1006297,10769702,
-531593,-1883003,4428641,794191,-3068011,1673424,-14424635,9935214,5590504,2494994,-13485767,12957787,5012175,-1362452,-16923932,9678776,-21131073,824414,45157256,495031,5399399,-60696134,35033706,4522625,53481418,-58103821,1717919,-21959267,-26954547,30465459,1602030,-40797866,29694162,-70335096,3205546,10771167,28153586,47898352,-54024758,68515555,-60356256,98684298,-70309737,9808983,64760506,-28251422,23053682,-129596372,121536680,-39470416,-554492696,-1408805114,1290957424,-522856133,-44786478,257838553,-125202986,69689899,47130190,113900811,-45478779,-36290636,-29692146,16670151,-11743852,-9545208,-2644113,7010819,932588,-20059303,-14684757,5043981,6984093,8034093,4502018,-4698942,-6941152,8420617,-12978076,-7594111,
-62866,-1908887,-4523496,-219343,-3151970,1088111,13060978,-10071265,8587375,3579560,10743304,-12987498,4951121,-6477390,16702894,-11181375,-5861556,3678608,-34908281,-8539856,-15357234,58550618,-3520992,31713584,-30376104,40867144,-56667107,-2337223,27830522,-8810516,55272475,-12869412,-22931640,58260726,-14530223,24852048,6324524,-49591526,46218877,-63154315,22292345,-43571472,-108899666,-49198099,-52685921,-78488261,-59603766,91095503,-30560263,182870669,379482280,-561226323,416251991,1857128103,-373176374,-309564728,22556460,-3441222,67425597,-40110042,-44562938,-29760616,49153591,-642210,20924307,8287042,11362122,3882252,6078645,-25352,16612165,8082581,-18710905,-9262670,5048157,-4338321,5262094,-5586398,-2460266,-13003023,
-3555591,-1511843,-6918611,4581210,9988248,7788598,13844734,-12069743,-4357878,-13273891,16254950,-9096131,-1328517,2729101,60685123,-12945235,22778693,6681521,-32987560,-30348560,41428527,58148898,-56945204,37609168,-71454074,34524470,26969316,11985462,12179930,-32367627,-21525291,-23033486,-49853754,96259274,-20134689,-579732,-29428844,-70702947,140709982,-73038490,98248448,-150497769,-101804213,-7563765,36107975,41589815,-47496703,171025384,-38366907,68848021,-207882146,-175001011,-444371214,-373655976,-1902644562,-173564007,-373263270,-95718137,146084154,-24455942,-9641514,72165059,27683858,-38227303,24107151,8580605,24774846,-227304,4820431,5804922,-3414458,-15251299,-20434795,-26932673,25932413,-176666,-10438315,-10279208,-3492040,-2076195,
-7355898,-699708,1511265,-5122728,9954191,17071667,-2036105,-1164939,-4502489,-6313693,-12155454,-5352553,-40987613,-2550232,-31001632,43999952,27208203,-23002791,-427480,9122413,26203225,-1534793,-26036688,-26821207,40428129,18225800,111101637,14754575,-4376639,-49002983,-68824936,-27835056,48995869,-10874395,5546740,1706542,-25111276,60692630,-1382270,92371690,94123384,31289490,107622787,-43720029,-46988634,22655586,-94456011,-36781079,205970096,2969131,-64712841,-226220583,66770981,-367963620,86474221,-1870131385,692135125,-17690306,-182854923,-46545256,33586465,6517319,-42714869,-11872970,-23543530,19876063,-10848223,-4949196,-1123488,-3169030,-10527936,-6848699,-381855,-9003682,-32128566,-7074883,7267674,-3583756,4875840,-566449,
-1179953,2177770,-5559588,4816990,1838469,899865,20769165,-8328721,-7215176,4396254,33342133,-13932367,-26050816,4930799,35522672,-31729247,19104827,-37853483,-18097647,17275219,-16603587,83611229,-2265626,41882254,-99019197,81153460,31192752,12186197,-30747117,-18544533,-23153036,-14095524,-14308877,65351839,-8577969,16874854,-27934562,-58204232,119662949,-52645274,78134677,-89645254,-96130489,189364842,-43356890,4450966,-51454874,177545719,-46932927,247734632,-21249120,-5255012,57407742,-47165988,-417339502,669871713,1756539422,547334127,-164270691,-281747053,2644645,18066353,53289987,-59241150,41617764,5928275,41812685,-22304147,-13377913,7861072,6648936,9952359,-763701,-7812127,10625980,39758426,28005729,-11359779,-1747402,-2911219,
-3981701,698426,7982523,-375818,15237853,8942080,-11625160,14863076,-19691106,-9485221,-11462268,16362957,-30039721,29361945,-26203176,3267033,20851174,-28314582,37751834,-30123687,79009990,-36210903,12597134,-41463887,25027497,-49123410,84894719,-10630972,2582104,-46385618,-59462835,-28779996,67052478,-2436940,-10269390,5647755,1484479,74992090,-3162131,64850150,110209721,25678817,36358522,-69257896,-35726814,62972911,-8279609,-222720161,15287464,-73207026,189105906,-52073541,-150741174,-38414242,88350297,-204164389,-276326085,1630334464,1106141386,30263899,223490231,90430485,-48602604,17353833,-33270921,20166733,-31123250,-1319071,38131709,-20503965,-16276861,-16995662,-12356681,7692462,-12082996,16854353,-26957303,20574451,6601318,-12410824,
6700314,-28378,5616091,-6518626,-13671851,-12616042,-10696843,6771762,11812794,14996506,-18955956,4959123,14896381,-8456364,-60136738,15151247,-42572226,3235017,41201065,-10371488,-70864402,-32433131,59219322,-2915610,67183545,-37983878,-27915957,-49480835,15659105,32781956,43478256,14542373,-12196266,-76664973,-17134528,-8378173,11552282,25796355,-92839194,-9960777,-93504537,5396305,10647725,-4279623,59855401,-44105824,62603705,-157631389,151802673,-180647819,11775382,-145250016,-152577276,57301312,-83372816,-23549606,-541407394,959813265,-1530729759,-712330777,124163611,-189272461,19229964,3722574,-56022508,-8403732,-42089685,44110178,9091097,12086929,-26490522,4649523,-153757,6742535,2025089,154573,13291087,37771431,22657947,-4970670,
7466113,-2619786,-2554062,3669320,-5534137,-12294970,22172833,-4636683,9742208,6774381,29500359,-13004564,22624633,-98671,24558431,-55614246,-18291354,-680529,-51383622,379448,-46558807,68658282,36067965,40083041,-66879382,41490539,-66101178,17527948,16200437,7191780,52153359,6189411,-68918994,36499194,236978,6171592,-14672246,-66504510,36829533,-66605337,-43141558,-44510466,-40056691,14553423,75301654,-31405260,44908722,77113033,-18282780,213558528,-58959920,-38279745,165042086,-99517787,154465374,-31079410,-113249748,-464932155,575626744,-1662988304,825096315,74354083,348661151,26074496,-31354770,43985743,79702733,-43635873,-29123857,29445063,43024229,-8760021,836118,-18641570,6120165,-3297350,8389879,14148237,-21209892,26277770,
5221710,-8008067,7236682,-381761,-2686807,-2551831,-13446741,14647803,21307521,-1110272,-13176083,16148709,35230870,-9254358,-28741999,-14546997,-20245424,28574993,34059914,6532506,-21919950,-56426295,49941328,-32133734,41385590,-54450541,-55513457,-19562478,1809346,8211716,31805073,2565709,-9343062,-65364188,6756359,1543711,536313,32453939,-99847630,1188374,-73797355,33836600,37076646,1311283,76731625,-24715874,57595526,-26757753,48015723,-38727375,97166555,-144139427,-72488332,82853465,-52561246,83545840,92597128,-55525995,-359906201,647488457,1435725445,1183724267,-100386630,340375650,-36599510,-16121661,21467154,16458982,83151156,15543951,-33947352,18068400,28577460,566204,-10663828,1392524,7350091,6400415,-36695521,-3591090,
-1277308,-4380744,-5653316,7086027,-4735374,4957255,3723308,-3773662,17811401,603521,17068290,-1669045,14973646,-21857865,38203229,-15615003,7205773,15011987,-14588754,3626564,-29847965,19376382,-12343379,26296188,-41916647,27973420,-47547702,15819868,-1713337,8140289,16236347,-2344378,-24585413,26735323,-1550531,13042052,-16552285,-41899506,36111021,-47257276,-21679251,-26079328,-32052652,36969275,46503022,-22129314,6903472,105488859,-8228122,32673755,1233196,38740663,108963592,1196828,93993361,-28152190,-110747654,38804292,18032281,-607481042,-959802330,1433618957,-925860740,-115743343,172010041,-56467121,38444057,-40798264,9320271,69082341,54366128,-32498195,-7372915,-26591406,13778681,9584674,-2236149,-6999077,-26432089,-33727556,
234516,1580939,676394,1927635,14679348,-232090,17175125,-499704,-17896928,-13551572,18631719,-11185954,-9254335,20692942,18323758,-18918178,23769113,-6808579,-23845147,6880025,45809551,42158671,-25494080,-2275069,-44754462,32681275,39118680,29888041,1991232,-22537980,-21400481,-7402641,-6028347,37791550,4478393,-4923433,-1672967,-31962891,59793877,-2496961,50254988,-21118901,-18938909,-1227654,-57068282,39786892,-37581215,26506843,-89450528,84390896,-46121451,15951355,27440531,-63075011,75021989,-67047650,-59057147,141471906,-70741858,25486170,-698286994,662426854,1505240213,986487028,-178150547,143161676,134078466,57057916,-18568667,38246815,46779959,9806056,-52908462,3536719,28410847,-14033320,20885865,2703978,-2204683,28029367,
-4127752,-922892,7639840,1931172,15067537,10843918,-16102155,18241780,-9422288,-17078331,-7884855,16949141,-13749765,8085452,-32284571,19532450,34693419,3267764,37309687,-5723621,50012943,-39769486,-18512847,-49253819,37512472,-21377200,67961732,-7091226,-16768183,-19696951,-35537160,-9529258,38595357,-31224270,-5034912,-13367825,12398786,41860453,-37213584,72030879,27537794,25028225,34642713,-27331257,-66644953,39347532,-34517197,-79851651,-29042963,-88232265,-1722372,-37520320,-91863585,22192061,-86764418,45481843,92504734,-81615614,81531945,-193749316,17882043,-506346108,-830028163,1675921943,580134913,266161675,-120131563,30713582,115290030,63012755,-34805888,661186,37774734,28108796,-30606670,-34882800,-10072606,3827514,-2868066,1123797,
6902854,-162390,8622400,-4821608,-4069357,-12646241,-3041853,11558223,207912,4854503,-11742912,-1486172,19529879,10121939,-48622470,3125699,-35377261,12754428,23966813,7899546,-12447991,-23823049,32561479,-14728158,53062452,-29768948,-31613516,-6766375,-118159,20400605,17032777,8755723,15810706,-52734046,-1345364,638761,7307869,33646826,-58695888,17500229,-43238806,47457340,45975878,-27353215,34267655,-24847281,25961963,-13990881,36646566,-5212021,41737654,-39087738,-81638005,37267583,-66951770,66284918,80261436,-74374041,57128710,-62793794,-81879784,-109612038,-503338575,298245572,-1795159961,518226727,589045148,162764663,8680619,-55792901,-69414044,-4310685,22161225,30339302,-57315055,-28512630,-27383766,31856229,-5895482,6112177,
4692329,-3583008,1491871,3176091,-2178418,-6098104,7827243,4773358,11474266,-2458982,16504666,-2573760,27691554,-8356637,1708849,-25841526,-2088731,23182513,-9729917,-2215774,-31842030,19347931,11758492,4039064,-19134307,15075370,-46885299,-9315518,3530797,23993845,33447757,5454861,-31359021,11263723,-4390375,-423136,1016962,-22153391,22998099,-14432657,-25754029,-19942363,-26161429,40388209,26943831,-40961124,20887326,21514194,38967999,14604018,21670651,3950886,35487996,-29773666,43941468,5848881,-44236446,16176151,-52356206,73646317,23323857,89611240,103676024,-423602249,474878299,1923050865,-22494083,196508775,252699143,11452713,78577928,101147204,26009578,-71144847,29659248,43947113,-16750137,-39720662,18831790,16656129,
-2063464,-1572510,4196207,-1092864,-5243735,4933282,-17176629,9235502,10756716,3149954,-15668026,15806909,32430,-13813645,-29163736,15796763,2023458,3789105,17882753,-5193239,-14705770,-47613386,20383200,-22194928,44762836,-36921713,618455,-13798757,18639365,8724385,11941241,203262,7948328,-41519844,4891704,-9930194,12242792,33732012,-48196601,41015745,-21074862,19461105,27786056,-55554929,13415222,-13754299,20353553,-103415553,58733642,-18625013,1249570,-6645739,-19607921,31379673,-85978850,58968168,92311133,-88009117,61502082,-82373293,-46385668,116860687,7194067,61167982,-605425553,176671426,-1923599471,-24512863,-334934354,148363793,107700093,103979016,25518431,15245879,-6824261,-29190622,-40435396,56701125,54509649,8476436,
-2911628,1788248,7256870,-2199980,10771316,5143099,57100,10417170,-13732729,-10957516,-2052650,-989455,-14337659,10952619,-29923552,17806863,22393377,-732356,14246788,-6929389,38373826,-9829937,-23424036,-29213180,23872934,-10608946,51276020,-6160904,575159,-13927241,-40366415,-14133094,31777014,6243866,-1219339,-7576706,5914489,21621533,12978821,33948163,12798744,6469527,8892668,-8660864,-46408652,26511516,-35294098,-77533523,-1176679,-68537137,-41641068,5522529,-22302337,13667479,-7890531,12237752,55141603,-46334227,65117314,-67776608,9865334,31801755,-8916506,-46512202,102489170,-255635236,-62530695,2013548280,-29731225,-201711635,242945084,-9823196,106075562,-65163124,-9079879,-25469147,16497382,21259003,42630217,-50218113,
6251185,-2910298,3559977,-4416157,337615,-8302984,-7435390,3655887,3845585,-1255290,-16564016,1217737,23217547,5073741,-26412087,11150666,-30371561,18333641,20044300,-9408431,-9775637,-27637134,20609457,-7653352,36936721,-28846744,-17952633,-26206771,5868752,10324024,11484009,12223451,5757926,-28553581,-3859113,6228663,2776498,23597452,-46558178,-9532325,-21859977,31116224,12711731,-5106226,40617173,-8187521,37152171,-34382903,51246552,-70207492,56607367,1557199,-6908993,-12141954,-25914550,25420385,63644279,-84900185,17639465,-94670906,-85080757,117375,77408764,-25537913,-174867179,-210477671,-353877991,-78881990,1875775138,-617393364,174084441,-191961386,-245375638,87432191,11519430,-9900289,-35162480,5363446,26302097,-29028383,
1325504,-4052867,3818621,-1112432,-8228531,-247114,9967705,3984278,17734539,5963740,8268096,-10413546,16765236,-16811619,-15008770,-8027579,-10548236,12689496,-8519508,6149581,-31249482,9456188,12140598,7038600,2615657,-5104932,-45763866,-2311239,238678,9746599,26096446,7747928,-21670384,-4107298,2342943,8569534,-1961496,-12069621,-4718001,-19085966,-28466123,22189659,-7095083,22320312,37522173,-26801443,24809095,32371233,49176718,24752845,18198315,32577382,-2634692,-780900,-21499370,-11133296,-16101691,28095369,-33771242,-12085415,7488251,56024084,-44494158,107754117,67766882,104816731,-3212668,-280114498,-635316663,-1841905407,543699703,14270738,306751633,25140634,109086142,-103762683,21385599,-54652196,-10391974,5131088,
5974639,-4302013,-7439056,6908795,6486318,-6433419,10494937,-7479982,4502869,-10134500,23390582,-8406706,26459781,-665920,38608822,-22362567,-2923862,17766581,-41734877,5535898,-18187869,47030460,-9205713,34566491,-46151096,41756320,-25564736,18080879,13300550,10166206,10728821,8921152,-23459893,34601642,-386247,7451415,-6515779,-37261024,45822124,-38748808,-9511067,-15026301,-35852883,3876458,30892532,-8702641,3673872,80077509,-19877461,78004037,-21974049,43646409,80724080,-46945072,-3412683,-30615645,-37944367,86152772,-56869694,121363810,92055006,-102059962,-72986172,28660098,-63597708,-27381239,156964108,-160557191,1948638,597453579,1911070777,-226296102,-66068487,244252835,-96311919,-146218604,14235183,4367685,-31506087,5682818,
6321744,-4946308,-5021609,5151139,-12604380,-8681798,-7328001,-1870703,22656750,10034814,5316838,11364213,32169258,-16075029,16715583,-29735962,-30539135,15788894,-5885343,3677313,-57261641,-1465444,36241544,19891986,-4871658,7589065,-74819123,-13690196,12804796,27519449,44953618,14613422,-30572490,-11016353,1795438,12647845,-347327,-16815665,-21608191,-28945544,-46165752,2080532,-38446405,20802957,62732742,-39630262,45837211,27789123,48437599,46601382,52336638,10522316,-2735684,-52901426,-3408157,-35171202,-25188548,17830930,34766732,-735764,-17497147,-30578336,-61862845,37778114,-24444280,-150384414,93914937,-16211120,141559361,-27872058,264859844,1968850238,-404759047,-244165049,78725075,105874455,171059210,61973828,9088782,-9683302,
3617797,-5969902,673412,-1934466,6426321,168098,-8822798,1339657,9738799,-10979884,-10196963,6380631,20609396,-7345519,-14976664,12524767,-3285343,17131104,13746909,7493102,-11288330,-19193938,14962333,-7228543,25886288,-12113023,-4027761,-5796428,-4470275,10329055,1680214,2375344,1097476,-22987137,1065297,-4978257,9314448,21912191,-26235794,18229647,-27650803,19736941,6104330,10160334,7528601,-13230837,2740235,-12959375,24648749,-26353201,16936892,-13263351,-24656278,18995070,-55655970,-19807877,-14655699,9354876,41824318,-32709964,-84794433,12435970,90567529,-35156711,-32632821,-94189730,3481323,-85202836,381115880,233850446,15410726,395074580,1913018275,311267481,-125629194,164582478,257768818,-134460130,-18327103,21142183,
-2399867,2284109,-4432560,6890942,4820707,2668128,3235624,-1756400,-8535885,-4419625,17829389,2930839,-12310200,4801309,30212429,-15832323,21254841,-13030193,-17417292,-3219350,18361742,27248109,-17825492,10725921,-31113575,32563573,15107112,10203030,-698172,-14189389,-11345217,-15306270,-8722110,34817957,2607019,-526143,-8247879,-30046186,43940581,-805560,21359775,-37038309,-23029537,13677879,-25643526,7202512,-22294802,6123998,-42549052,24393073,-33468852,15032885,37931466,-5916982,52442765,10278988,-31065183,34894935,-22050843,51423537,16905201,-55443137,-17503517,71665827,-93722086,-67175785,-26589958,-124662207,121687353,60467931,221199565,-256198305,319514945,-2003320937,-35990384,59513488,178572620,-8249420,93286239,13081306,
1243239,-7170053,-3852284,613307,-1636390,3536464,16107738,-9406827,21462513,-2694712,14225032,-12891442,19560828,-22840752,24333585,-14481806,2501942,10210599,-20420814,3194393,-35332726,35051770,8873892,29097754,-38388016,22093179,-39363729,4420866,-27812,12629181,28365703,925139,-41217890,22972106,-82898,2083255,-805510,-37326183,42188844,-38321809,-13711927,-25814309,-46083048,41825240,21724709,-20907339,9846666,49433625,13674636,38872166,8074622,25521123,37263454,-18919720,60946737,-81472811,-16461431,4861560,3774386,43085341,44398268,-59381262,-72861687,74482771,-92097316,-24109649,2868321,17040352,12667447,126300925,100216548,-139826516,83759634,54351882,1905902457,692564305,55061659,98412281,159418807,-106937567,
-1492240,310794,-1917963,-5662139,14422997,4658716,6764505,-10388386,-12852658,-13750996,-8345890,-9797146,-11917387,10468621,5908481,20800810,15026806,-5562141,132498,1702643,35294371,11220751,-23468280,-3063878,-15580847,8447197,43779205,8178222,-7509632,-12140643,-30434706,-10701714,24532602,12567556,-256313,-5798231,-1603391,11700252,19566955,7439672,32270338,-18507053,10121019,-4729269,-36956409,20539327,-19784759,-3849257,-47427935,-8447055,-32598468,-12076402,7326382,13262861,-1240716,-6469288,-58308773,-51130325,-24217065,-5699591,3776858,-5407107,-790839,61116364,-17366903,-6081813,-23875860,1299225,-95661348,-140286709,150793413,-116229354,-171205131,61929669,-716566662,1910778178,-99184367,2380402,8884325,-62713939,
-4252173,-2913714,5115697,-504700,2091768,10584913,-1478471,8048685,6810244,-2354847,-2835185,823958,-8493253,-8178182,-17670309,8452150,10523552,-3680378,8664873,-6227916,15114743,-12690463,-135323,-11746345,16863369,-19357106,9039668,-2723512,-1915585,-3645531,5493283,-6172994,10757633,-8688934,-3203437,-5108532,2463173,10471942,-7699133,15433320,2494476,4084681,23895232,-19395190,-8364000,7024962,6292431,-17394125,-11718625,-28664275,-22038003,-6792717,-24678841,24364480,3552762,2491969,66692590,-9479545,-48445521,-19699625,-13067218,14653987,48834881,-241687,38924005,-68033088,67626139,-12398604,47618223,25690601,69332754,230057475,297597417,-179607105,99785457,-23125961,-1996731041,202041609,-148622524,105583193,
3326441,-6379521,1762340,-7311996,-454369,435611,-6986563,-2725074,16849701,-2296308,-22757873,1805453,17971985,-13518787,-25235311,18314850,-18570257,8900605,16148116,-3252356,-21989793,-24995715,33794910,-4506001,28807758,-24828989,-20048493,-15665584,11446961,12769645,18135928,-2697839,-2670512,-42459097,378669,-1839307,9868846,23831911,-47973331,4962068,-26182209,17611484,8828438,-36994713,24341159,-17996110,18128887,-49108201,28963495,-6802127,44629252,5116479,-20878788,4268982,-47590744,6440760,50972711,-60614486,31972781,35766656,-46205808,13764596,24544552,-38146004,92803059,46732049,61030421,-43222641,11512213,-56188854,-12994979,-60509350,141469623,33054257,-107901069,-17510562,232745475,2007915041,-78744132,-28058224,
174412,5272518,63425,-1815025,13004246,-2640462,-13545818,1105652,-25115959,-12165171,-14386814,11138310,-13858273,22866106,-11741703,24693880,14122775,-6050685,17683664,-8165415,36354205,-19115200,-15709469,-21487310,25894087,-3062486,63157477,-7361070,1354395,-11898651,-39342939,-3049853,31412429,-4686743,-979489,-13415962,6951205,30902574,-2501582,41057383,27406088,-7034159,18070944,-22119706,-41674782,24260457,-22122053,-70931853,-904417,-51723607,-19480251,-34836258,8022641,16282781,-21636709,35740424,22911781,-57154301,21203207,-20714460,32791798,89464698,-5918240,13775,34489202,-18518015,114903627,-76288945,-27718823,1554832,14658706,34404330,31664115,102566660,-159008521,-75156702,-156399822,77902944,2026229527,65865227,
-930445,-1982869,-3460389,-2730982,6961795,4402343,5640915,-9834235,144498,-7954872,-3092286,-6130669,-2460309,-2087051,12998587,6035938,8557978,-4767130,-14232354,3649848,13713688,13625402,-3924516,4772710,-18614251,12634170,11688549,10951387,3846860,-6326805,-726798,-3479262,-6852094,3693991,3238070,-7901097,1245920,-6007440,10406194,3897104,13445780,-15366724,6761363,-16497671,-14247662,8293665,-5110100,6257404,-26081054,25556837,-23022966,-3002170,36468158,27720007,-12044043,-13320255,-7100988,50921087,-7924396,22028965,-20352030,30147615,-92632530,-26846891,8725879,-46930118,-9161346,88324033,44332240,-28768611,10983222,-28266386,-58880921,20239019,110490972,111116355,137768269,26025107,-32111099,1996895015,
3694833,178367,-4519506,1865910,461828,-6474286,-841394,-5397553,-1444805,-846862,3621600,2062608,8835237,2588121,15046094,-7871518,-6104051,1260932,-11908598,-1740361,-14496062,11161171,6634836,12040510,-8095179,14750849,-9843621,-29647,8309452,9100864,6426709,2333900,-7656874,15712584,-585492,2564194,907500,-9706679,13820782,-11655278,-7862449,-6178666,-17820301,6894683,3680566,-8920542,3912346,734736,-5712761,-2230512,7935022,14128757,26273848,-53097259,-5229541,-13301459,3199078,10601349,-14336414,26767278,22073133,52134400,-26361675,68493307,-4664407,-1540423,-32113193,-15315456,23614639,-64507554,-38677840,4833367,-88113513,56893964,41509888,46346367,210390077,-8165385,48765186,-48803983,
1426658,-3927298,1782300,-4867687,-6076740,238171,-11871135,1053285,13732945,5381533,-20016810,6961042,12031803,-8667235,-26278332,12116191,-25315266,8322974,21997551,1079607,-13130366,-29876562,26089953,-9858762,37076714,-22012486,-25200473,-17500411,5376804,9706704,23292933,4332472,5858080,-35916312,1229045,1556755,5355589,24551937,-55791213,7952514,-28856280,22052828,13552076,-8982422,27405406,-10722753,28067410,-31283425,36591357,-47514253,14935498,10712808,-23353493,13328963,-47306209,-8311647,33176989,-36335273,60980217,-20685338,-42117760,-8238465,30423860,-22274739,49141428,19607885,17550775,-49166522,-88766423,53838584,71432267,-39773650,-8073463,-45300725,-25398055,-14110270,-56456912,178778138,-28232726,210820785,
